{
  "ext/ListReportController-dbg.controller.js": 1722671669541,
  "ext/ListReportController.controller.js": 1722671669541,
  "manifest.json": 1722675118561,
  "Component.js": 1722502156541,
  "i18n/i18n.properties": 1722502156541,
  "ext/ListReportController.controller.js.map": 1722675118644,
  "Component-dbg.js": 1722502156541,
  "Component.js.map": 1722675118641,
  "Component-preload.js": 1722675118709,
  "Component-preload.js.map": 1722675118709,
  "fragments/ServiceCollection.fragment.xml": 1722671588905,
  "index.html": 1722502156541
}